fecha,titulo,fuente,url
2025-07-20,The stock market is being led by a new group of winners,Biztoc.com,https://biztoc.com/x/194e08d88b134fa8
2025-07-20,Mariah Carey 'MC16' Album Details Coming Tomorrow,Billboard,http://www.billboard.com/music/music-news/mariah-carey-mc16-album-announcement-teaser-video-1236025462/
2025-07-20,Pop's Premier Party Girl Reveals She Quietly Got Married Over The Weekend,HuffPost,https://www.huffpost.com/entry/charli-xcx-george-daniel-married_n_68785f0de4b0b08368f4a15e
2025-07-20,'Superman' triumphs once again at North American box office,Japan Today,https://japantoday.com/category/entertainment/%27superman%27-triumphs-once-again-at-n.american-box-office
2025-07-20,Apple CEO Tim Cook’s dream for the future of the iPhone is very unlikely to come to fruition,PhoneArena,https://www.phonearena.com/news/apple-ceo-tim-cooks-dream-for-future-of-iphone-unlikely_id172439
2025-07-20,Driven: 2025 Toyota 4Runner Trailhunter,Theawesomer.com,https://theawesomer.com/2025-toyota-4runner-trailhunter-review/777336/
2025-07-20,5 Sci-Fi Moves That Have Aged Poorly Thanks to Technology,ComicBook.com,http://comicbook.com/movies/news/sci-fi-movies-aged-poorly-technology-tron-hackers-johnny-mnemonic/
2025-07-20,How to watch Club America vs Toluca the USA: Live Stream and TV for Liga MX Campeon de Campeones 2025,Worldsoccertalk.com,https://worldsoccertalk.com/watch-on-us-tv/how-to-watch-club-america-vs-toluca-the-usa-live-stream-and-tv-for-liga-mx-campeon-de-campeones-2025/
2025-07-20,2003 Porsche 911 Turbo Coupe 6-Speed at No Reserve,Bringatrailer.com,https://bringatrailer.com/listing/2003-porsche-911-turbo-coupe-90/
2025-07-20,"Nearly Three-Quarters of Podcast Audiences Play the Video, Too, for Some Reason",TheWrap,https://www.thewrap.com/audience-podcasts-play-video-listen-audio/
2025-07-20,iOS 26’s Photos app has a helpful new feature for events: Here’s how it works,9to5Mac,https://9to5mac.com/2025/07/20/new-apple-photos-capability-ios-26-event-recognition-concerts-sports/
2025-07-20,The stock market is being led by a new group of winners,TheStreet,https://www.thestreet.com/investing/stock-market-rally-is-being-led-by-a-new-cast-of-characters
2025-07-20,"A hearty mix of sausage, apple, and onion turns acorn squash into a satisfying all-in-one main. Simple technique, big comfort.",Pinterest.com,https://www.pinterest.com/pin/37365871903953584/
2025-07-20,"Travis Scott’s ‘Jackboys 2’ Bows Atop Album Chart, With Justin Bieber’s ‘Swag’ Following at No. 2",Variety,https://variety.com/2025/music/news/travis-scott-jackboys-justin-bieber-swag-album-chart-1236463241/
2025-07-20,iOS 27 will focus on features for Apple's first foldable phone coming 2026,Neowin,https://www.neowin.net/news/ios-27-will-focus-on-features-for-apples-first-foldable-phone-coming-2026/
2025-07-20,Remember These? 10 Devices Your Smartphone Replaced Forever,MakeUseOf,https://www.makeuseof.com/old-devices-your-smartphone-replaced/
2025-07-20,"F1, whose US viewership on ESPN grew to 1.3M in 2025, risks losing casual viewers by moving to Apple TV+ but may attract younger, affluent fans in the long term (Adam Minter/Bloomberg)",Mediagazer.com,https://mediagazer.com/250720/p3
2025-07-20,Musk Hints at Kid-Friendly Version of AI Chatbot Grok,pymnts.com,http://www.pymnts.com/artificial-intelligence-2/2025/musk-hints-at-kid-friendly-version-of-ai-chatbot-grok/
2025-07-20,‘Superman’ keeps up box office flex,Boston Herald,https://www.bostonherald.com/2025/07/20/superman-keeps-up-box-office-flex/
2025-07-20,"Pixel 10 release date, Galaxy S25 FE charging and renders arrive, Week 29 in review",GSMArena.com,https://www.gsmarena.com/pixel_10_release_date_galaxy_s25_fe_charging_and_renders_arrive_week_29_in_review-news-68684.php
2025-07-20,"Curtis Sliwa is staying in the mayoral race — and in a 4-way battle, he has unique appeal",Freerepublic.com,https://freerepublic.com/focus/f-news/4329776/posts
2025-07-20,We’ve Got Some Good News and Some Bad News About Disney World Restaurants,disneyfoodblog.com,https://www.disneyfoodblog.com/2025/07/20/weve-got-some-good-news-and-some-bad-news-about-disney-world-restaurants/
2025-07-20,iOS 26 Public Beta Release Date: When Apple’s New iPhone Update Goes Live,Forbes,https://www.forbes.com/sites/davidphelan/2025/07/20/ios-26-public-beta-release-date-when-apples-new-iphone-update-goes-live-iphone-17-iphone-16-pro-max/
2025-07-20,"Thoughts on the foldable iPhone's prospects ahead of next year's launch; sources: Apple will add a second, portrait-side front-facing camera to the M5 iPad Pro",Biztoc.com,https://biztoc.com/x/f73ca6915de49567
2025-07-20,"The Best Deals Today: Persona 3 Reload, Donkey Kong Switch Games, AirPods 4, and More",IGN,https://www.ign.com/articles/best-deals-for-july-20-2025
2025-07-20,Froot loops maker to cut fake dyes,Biztoc.com,https://biztoc.com/x/cdfcd0736617bedb
2025-07-20,"Kevin Feige on Marvel Studios’ Future, Focusing on Lower Budgets, Less TV and More Robert Downey Jr.: ‘Look at “Superman,” It’s Clearly Not Superhero Fatigue’",Variety,https://variety.com/2025/film/news/marvel-kevin-feige-robert-downey-jr-miles-morales-1236465488/
2025-07-20,How you can financially get through and recover from divorce - The Prosperity Project,New Zealand Herald,https://www.nzherald.co.nz/business/how-you-can-financially-get-through-and-recover-from-divorce-the-prosperity-project/DQQN7LABZRD4ZB7KA3IKXQ7PQY/
2025-07-20,Froot loops maker to cut fake dyes,Boston Herald,https://www.bostonherald.com/2025/07/20/froot-loops-maker-to-cut-fake-dyes/
2025-07-20,Apple is giving the upcoming iPad Pro a second front-facing camera,Neowin,https://www.neowin.net/news/apple-is-giving-the-upcoming-ipad-pro-a-second-front-facing-camera/
2025-07-20,REVIEW: We Found a New Favorite Treat at Disneyland (Spoiler: It’s PINK),disneyfoodblog.com,https://www.disneyfoodblog.com/2025/07/20/review-we-found-a-new-favorite-treat-at-disneyland-spoiler-its-pink/
2025-07-20,Windows 10’s Time Is Over — Get Windows 11 For Only $23 And Stay Updated!,redmondpie.com,https://www.redmondpie.com/windows-10s-time-is-over-get-windows-11-for-only-23-and-stay-updated/
2025-07-20,"‘Superman’ Flies To $407M Global, ‘Jurassic World Rebirth’ At Monster $648M; ‘F1’ Racing Towards $500M WW & ‘Demon Slayer: Infinity Castle’ Sets Records In Japan – International Box Office",Deadline,http://deadline.com/2025/07/superman-demon-slayer-global-international-box-office-1236462968/
2025-07-20,"Streaming in Canada on Disney+, Netflix and Prime Video [July 21-27]",MobileSyrup,https://mobilesyrup.com/2025/07/20/streaming-in-canada-disney-netflix-prime-video-happy-gilmore-2-adam-sandler/
2025-07-20,Weekend Box Office: 'Superman' Flies into First Once More,Livejournal.com,https://ohnotheydidnt.livejournal.com/130901250.html
2025-07-20,This massive Samsung Smart TV is back to its lowest price,Neowin,https://www.neowin.net/deals/this-massive-samsung-smart-tv-is-back-to-its-lowest-price/
2025-07-20,My 5 must-change Samsung One UI 8 settings for the perfect setup,Android Police,https://www.androidpolice.com/must-change-samsung-one-ui-8-settings/
2025-07-20,New Yorkers argue over where Upstate begins — but fuming Westchester residents say ‘not here’,New York Post,https://nypost.com/2025/07/20/us-news/new-yorkers-argue-over-where-upstate-begins-but-fuming-westchester-residents-say-not-here/
2025-07-20,"Mandy Moore Divorced: Her History of Marriage, Explained",The Hollywood Gossip,http://www.thehollywoodgossip.com/2025/07/mandy-moore-married-divorced/
2025-07-20,‘Superman’ flexes its might in second weekend with $57.3 million,ABC News,https://abcnews.go.com/Business/wireStory/superman-flexes-weekend-573-million-123907866
2025-07-20,"QuakeNotch, Quake Terminal on your MacBook's notch",Quakenotch.com,https://quakenotch.com
2025-07-20,The stock market is being led by a new group of winners,Biztoc.com,https://biztoc.com/x/6b9e507a82f0602d
2025-07-20,"NYC father Facetimed nephew while fatally stabbing wife, 2yo girl: report",New York Post,https://nypost.com/2025/07/20/us-news/nyc-dad-facetimed-nephew-while-fatally-stabbing-wife-2yo-girl-report/
2025-07-20,Werner Herzog six film collection HD at Apple TV $7.99 (5 replies),Slickdeals.net,https://slickdeals.net/f/18471478-werner-herzog-six-film-collection-hd-at-apple-tv-7-99
2025-07-20,‘Superman’ Dominates Second Weekend With $57 Million—Bringing Box Office Total Above $400 Million,Forbes,https://www.forbes.com/sites/zacharyfolk/2025/07/20/superman-dominates-second-weekend-with-57-million-bringing-box-office-total-above-400-million/
2025-07-20,"Full transcript of ""Face the Nation with Margaret Brennan,"" July 20, 2025",CBS News,https://www.cbsnews.com/news/face-the-nation-full-transcript-07-20-2025/
2025-07-20,"Wall Street Brunch: TSLA, GOOG Earnings And Fed Independence",Seeking Alpha,https://seekingalpha.com/article/4802529-wall-street-brunch-tsla-goog-earnings-and-fed-independence
2025-07-20,Apple AirPods 4 Wireless Earbuds w/ Active Noise Cancellation & USB-C Case $120 + Free Shipping,Slickdeals.net,https://slickdeals.net/f/18461347-apple-airpods-4-wireless-earbuds-w-active-noise-cancellation-usb-c-case-120-free-shipping
2025-07-20,Microsoft quietly removes ability to purchase movies and TV shows on Xbox and the Microsoft Store,Eurogamer.net,https://www.eurogamer.net/microsoft-quietly-removes-ability-to-purchase-movies-and-tv-shows-on-xbox-and-the-microsoft-store
2025-07-20,"REVIEW: If You Still Haven’t Been to This Disney World Restaurant, What Are You Even Doing?",disneyfoodblog.com,https://www.disneyfoodblog.com/2025/07/20/review-if-you-still-havent-been-to-this-disney-world-restaurant-what-are-you-even-doing/
2025-07-20,‘Superman’ flexes its might in second weekend with $57.3 million,WKMG News 6 & ClickOrlando,https://www.clickorlando.com/business/2025/07/20/superman-flexes-its-might-in-second-weekend-with-573-million/
2025-07-20,‘Superman’ flexes its might in second weekend with $57.3 million,Financial Post,https://financialpost.com/pmn/superman-flexes-its-might-in-second-weekend-with-57-3-million
2025-07-20,"iPhone Fold will trounce the competition, if this rumor is legit",PhoneArena,https://www.phonearena.com/news/iphone-fold-battery-price_id172431
2025-07-20,"ABC juice (apple, beet, carrot)",Foodgawker.com,https://foodgawker.com/post/2025/07/20/1053705/
2025-07-20,iOS 26 Public Beta Expected This Week as First iOS 27 Rumor Surfaces - MacRumors,Slashdot.org,https://slashdot.org/firehose.pl?op=view&amp;id=178424866
2025-07-20,"F1 to experience growing pains with Apple TV+, payoff long-term, Bloomberg says",Thefly.com,https://thefly.com/permalinks/entry.php/id4162498/AAPL-F-to-experience-growing-pains-with-Apple-TV-payoff-longterm-Bloomberg-says
2025-07-20,GSMArena labs: EU Energy Label test results are now listed on our specs pages,GSMArena.com,https://www.gsmarena.com/gsmarena_labs_eu_energy_label_test_results_are_now_listed_on_our_specs_pages-news-68666.php
2025-07-20,They're putting blue food coloring in everything,Foxtrotluna.social,https://blog.foxtrotluna.social/theyre-putting-blue-food-coloring-in-everything/
2025-07-20,6 extra perks included with Apple iCloud storage,Popular Science,https://www.popsci.com/diy/icloud-perks/
2025-07-20,Save even more on a lifetime subscription to BitMar All-in-One Streaming Platform,Neowin,https://www.neowin.net/deals/save-even-more-on-a-lifetime-subscription-to-bitmar-all-in-one-streaming-platform/
2025-07-20,"Graywind's Smart Blinds can be finicky to install, but work with just about every smart home ecosystem",TechRadar,https://www.techradar.com/home/smart-home/graywind-smart-blinds-review
2025-07-20,Plasma & Kate on Wayland in 2025,Cullmann.dev,https://cullmann.dev/posts/plasma-kate-wayland-2025/
2025-07-20,gamdl 2.5.1,Pypi.org,https://pypi.org/project/gamdl/2.5.1/
2025-07-20,Mayor Eric Adams warns of dark days ahead for NYC if socialist Zohran Mamdani is elected,Freerepublic.com,https://freerepublic.com/focus/f-news/4329752/posts
2025-07-20,"Apple’s 24GB 15-inch M4 MacBook Air now up to $179 off, more from $849",9to5Toys,http://9to5toys.com/2025/07/20/apple-silver-24gb-13-inch-m4-macbook-air/
2025-07-20,Apple's first iPhone Fold to launch in 2026 with lots of similarities to the Samsung Galaxy Z Fold 7,Notebookcheck.net,https://www.notebookcheck.net/Apple-s-first-iPhone-Fold-to-launch-in-2026-with-lots-of-similarities-to-the-Samsung-Galaxy-Z-Fold-7.1063089.0.html
2025-07-20,Apple’s Q3 earnings and Google’s Pixel 10 event set the stage for fall phone wars,PhoneArena,https://www.phonearena.com/news/apples-q3-earnings-and-googles-pixel-10-event-set-the-stage-for-fall-phone-wars_id172436
2025-07-20,Blood Vitals Glucose Monitor Officially Launched – Track Your overall Health with 6 Month Update,GlobeNewswire,https://www.globenewswire.com/news-release/2025/07/20/3118359/0/en/Blood-Vitals-Glucose-Monitor-Officially-Launched-Track-Your-overall-Health-with-6-Month-Update.html
2025-07-20,How To Prepare For iOS 26 Public Beta Release,redmondpie.com,https://www.redmondpie.com/how-to-prepare-for-ios-26-public-beta-release/
2025-07-20,Three New Things in Florida That Apparently Really Want to Kill You,allears.net,https://allears.net/2025/07/20/three-new-things-in-florida-that-apparently-really-want-to-kill-you/
2025-07-20,REVIEW: We Tried 3 NEW Disney Treats…Hope You Like Marshmallows,allears.net,https://allears.net/2025/07/20/review-we-tried-3-new-disney-treats-hope-you-like-marshmallows/
2025-07-20,Trans Influencer Dylan Mulvaney Makes Surprise Appearance on Apple TV+'s 'The Buccaneers',Breitbart News,https://www.breitbart.com/entertainment/2025/07/20/trans-influencer-dylan-mulvaney-makes-surprise-appearance-on-apple-tvs-the-buccaneers/
2025-07-20,"Bad Bunny adidas Gazelle, Jordan 4 “Rare Air,” And This Week’s Best Releases",Sneaker News,https://sneakernews.com/2025/07/20/sneaker-releases-july-20-july-26-2025/
2025-07-20,"“Please Stand Clear of the Doors.” Yes, I Did Program My Car To Play Disney World Sounds — Here’s How It’s Done",disneyfoodblog.com,https://www.disneyfoodblog.com/2025/07/20/please-stand-clear-of-the-doors-yes-i-did-program-my-car-to-play-disney-world-sounds-heres-how-its-done/
2025-07-20,3 Lessons On How To Create A Category Defining Brand,Forbes,https://www.forbes.com/sites/jessicamendoza1/2025/07/20/3-lessons-on-how-to-create-a-category-defining-brand/
2025-07-20,Cybersecurity expert: 16 billion passwords leaked,Digital Journal,https://www.digitaljournal.com/tech-science/cybersecurity-expert-16-billion-passwords-leaked/article
2025-07-20,Google Maps removes a crucial feature from its navigation experience,Android Police,https://www.androidpolice.com/google-maps-android-media-playback-controls-navigation-gone/
2025-07-20,Ipad 10th Generation 256gb Silver $299.99 (3 replies),Slickdeals.net,https://slickdeals.net/f/18471280-ipad-10th-generation-256gb-silver-299-99
2025-07-20,Ipad 10th Generation 256gb Silver $299.99 at BJ's,Slickdeals.net,https://slickdeals.net/f/18471280-ipad-10th-generation-256gb-silver-299-99-at-bj-s
2025-07-20,The upcoming M5 iPad Pro could have two selfie cameras,Idownloadblog.com,https://www.idownloadblog.com/2025/07/20/apple-m5-ipad-pro-selfie-camera-portrait-landscape-rumor/
2025-07-20,Meta poaches even more Apple AI talent ahead of smart glasses clash,PhoneArena,https://www.phonearena.com/news/meta-poaches-even-more-apple-ai-talent-ahead-of-smart-glasses-clash_id172435
2025-07-20,Apple’s Stock Is For Losers,Biztoc.com,https://biztoc.com/x/1a0cf2ac64114ce6
2025-07-20,Zoë Kravitz sparks concern over ‘malnourished’ appearance during NYC outing: ‘Too thin’,Page Six,https://pagesix.com/2025/07/20/celebrity-news/zoe-kravitz-sparks-concern-over-thin-appearance-during-nyc-outing/
2025-07-20,"Apple Is Not Just Bringing A Chipset Upgrade To The M5 iPad Pro Lineup, But Is Adding A Second Camera To The Front Side Of Its Flagship Tablet Family, Addressing Complaints Present In Current Models",Wccftech,https://wccftech.com/m5-ipad-pro-to-feature-chipset-and-camera-upgrade/
2025-07-20,Concentration Camp Duty: The Last SS Guard,Die Zeit,https://www.zeit.de/gesellschaft/2025-06/concentration-camp-guard-gregor-formanek-ss-national-socialism-sachsenhausen-court-trial-english
2025-07-20,Katie Thurston Opens Up About Being in Menopause at 34 Amid Cancer Battle,Us Weekly,https://www.usmagazine.com/celebrity-news/news/katie-thurston-opens-up-about-medically-induced-menopause-at-34/#article
2025-07-20,"Apple Engineers Are Not Satisfied With The iPhone Fold’s Design, As It Matches What’s Already On The Market; Launch Slated For 2026 With Crease-Free Display And Thinner Profile",Wccftech,https://wccftech.com/apple-to-compete-with-samsung-for-foldable-iphone-with-a-durable-design-and-no-crease-on-display/
2025-07-20,"Timely Deals: Galaxy Watch 39% Off Plus Big Savings On Apple Watch, Garmin & More",Hot Hardware,https://hothardware.com/news/timely-deals-galaxy-watch-apple-watch-garmin-more
2025-07-20,The best part of driving Ford’s 2025 Expedition is not driving it,MobileSyrup,https://mobilesyrup.com/2025/07/20/the-best-part-of-driving-fords-2025-expedition-is-not-driving-it/
2025-07-20,‘The Conjuring’ Movies in Order: Where to Stream the Franchise & ‘Annabelle’ Spinoffs,Hollywood Life,https://hollywoodlife.com/feature/the-conjuring-moves-in-order-where-to-stream-5430024/
2025-07-20,Box Office: DC's 'Superman' Soars Past $400M Globally,Hollywood Reporter,http://www.hollywoodreporter.com/movies/movie-news/superman-box-office-soars-past-400-million-1236324026/
2025-07-20,Cartoon Summer Game Crossovers - Spongebob Crossovers Bring Bikini Bottom to Apple Arcade Games (TrendHunter.com),Trendhunter.com,https://www.trendhunter.com/trends/spongebob-crossovers
2025-07-20,Sean Hannity urges others to move to ‘Free State of Florida’ if Mamdani is elected,New York Post,https://nypost.com/2025/07/20/media/sean-hannity-urges-others-to-move-to-free-state-of-florida-if-mamdani-is-elected/
2025-07-20,Mark Gurman: A new Multi-Tasking Interface is coming to the 2026 iPhone Fold and a minor camera upgrade for the 2025 iPad Pro,Patently Apple,https://www.patentlyapple.com/2025/07/mark-gurman-a-new-multi-tasking-interface-is-coming-to-the-2026-iphone-fold-and-a-minor-camera-upgrade-for-the-2025-ipad-pro.html
2025-07-20,Resideo Technologies: A Hidden Gem with Strong Execution Capabilities,Yahoo Entertainment,https://finance.yahoo.com/news/resideo-technologies-hidden-gem-strong-144418343.html
2025-07-20,iOS 26 Public Beta Expected This Week as First iOS 27 Rumor Surfaces,MacRumors,https://www.macrumors.com/2025/07/20/first-ios-27-rumor-surfaces/
2025-07-20,"The AI boom is more overhyped than the 1990s dot-com bubble, says top economist",TechSpot,https://www.techspot.com/news/108730-ai-boom-more-overhyped-than-1990s-dot-com.html
2025-07-20,Bright pastel wallpapers for iPhone,Idownloadblog.com,https://www.idownloadblog.com/2025/07/20/bright-pastel-wallpapers-iphone/
